<?xml version="1.0" encoding="utf-8"?>
<configdata>
	<menu>
		<[mod_prototype] path="/restricted/[mod_prototype]" label="_[mod_prototype]">
			<doctor path="/restricted/[mod_prototype]/doctor" label="_[mod_prototype]_doctor" />
            <expert path="/restricted/expert" label="_[mod_prototype]_expert"  />
        </[mod_prototype]>
	</menu>
	<settings>
		<[mod_prototype]-general label="[mod_prototype]-general">
			<MOD_[MOD_PROTOTYPE]_GROUP_ADMIN label="Group ADMIN" default="[mod_prototype]-admin" required="true" extended_type="Selection" source_SQL = "
				(
					SELECT 
						[CM_TABLE_PREFIX]mod_security_groups.name AS ID
						, [CM_TABLE_PREFIX]mod_security_groups.name AS name
					FROM 
						[CM_TABLE_PREFIX]mod_security_groups
				)
			" />
		</[mod_prototype]-general>
		<[mod_prototype]-graphic label="[mod_prototype]-graphic">	
			<MOD_[MOD_PROTOTYPE]_THEME label="Theme" default="[mod_prototype]" />
			<MOD_[MOD_PROTOTYPE]_JQUERYUI_THEME label="Theme jQueryUI" default="[mod_prototype]" />
		</[mod_prototype]-graphic>
		
		<[mod_prototype]-setting label="[mod_prototype]-setting">
		</[mod_prototype]-setting>

		<advertisement-applet>
		</advertisement-applet>	
	</settings>
</configdata>