<?xml version="1.0" encoding="utf-8"?>
<configdata>
	<rule id="[mod_prototype]">
		<priority>NORMAL</priority>
		<source>^/restricted/[mod_prototype](.*)</source>
		<destination>
			<module>[mod_prototype]</module>
			<url>/restricted/[mod_prototype]$1</url>
		</destination>
        <reverse>/restricted/recruitment</reverse> 
		<accept_path_info />
	</rule>
    <rule id="[mod_prototype]_services">
        <priority>NORMAL</priority>
        <source>^/services(.*)</source>
        <destination>
            <module>[mod_prototype]</module>
            <url>/services$1</url>
        </destination>
        <reverse>/services</reverse>
        <accept_path_info />
    </rule>
</configdata>

